Seq_ID,Kingdom,Phylum,Class,
sq1,Symbiodinium, Clade D,NA,AACCAATGGCCCCCTGAACGCGCATTGCACTCTTGGGACTTCCTGAGAGTATGTTTGCTTCAGTGCTTATTTTACCTCCTTGCAAGGTTCTGTCGCAACCTTGTGCCCTGGCCAGCCATGGGTTAACTTGCCCATGGCTTGCTGAGTAGTGATCTTTTAGAGCAAGCTCTGGCACGCTGTTGTTTGAGGCAGCCTATATTGAGGCTATTTCAAATGACGTTGCTACAAGCTTGATGTGTCCTTCTGCGCCGTTGCGCATCCCATAGCATGAAGTCAAACAAGAGAACCCGCTGAATTT
sq2,Symbiodinium, Clade C,NA,AACCAATGGCCTCCTGAACGTGCGTTGCACTCTTGGGATTTCCTGAGAGTATGTCTGCTTCAGTGCTTAACTTGCCCCAACTTTGCAAGCAGGATGTGTTTCTGCCTTGCGTTCTTATGAGCTATTGCCCTCTGAGCCAATGGCTTGTTAATTGCTTGGTTCTTGCAAAATGCTTTGCGCGCTGTTATTCAGGTTTCTACCTTCGTGGTTTTACTTGAGTGACGCTGCTCATGCTTGCAACCGCTGGGATGCAGGTGCATGCCTCTAGCATGAAGTCAGACAAGTGAACCCGCTGAATTT
sq3,Symbiodinium, Clade D,NA,AACCAATGGCCCCCTGAACGCGCATTGCACTCTTGGGACTTCCTGAGAGTATGTTTGCTTCAGTGCTTATTTTACCTCCTTGCAAGGTTCTGTCGCAACCTTGTGCCCTGGCCAGCCACGGGTTAACTTGCCCATGGCTTGCTGAGTAGTGATCTTTTAGAGCAAGCTCTGGCACGCTGTTGTTTGAGGCAGCCTATATTGAGGCTATTTCAAATGACGTTGCTACAAGCTTGATGTGTCCTTCTGCGCCGTTGCGCATCCCATAGCATGAAGTCAAACAAGAGAACCCGCTGAATTT
sq4,Symbiodinium, Clade C,NA,AACCAATGGCCTCCTGAACGTGCGTTGCACTCTTGGGATTTCCTGAGAGTATGTCTGCTTCAGTGCTTAACTTGCCCCAACTTTGCAAGCAGGATGTGTTTCTGCCTTGCGTTCTTATGAGCTATTGCCCTCTGAGCCAATGGCTTGTTAATTGCTTGGTTCTTGCAAAATGCTTTGCGCGCTGTTATTCAAGTTTCTACCTTCGTGGTTTTACTTGAGTGACGCTGCTCATGCTTGCAACCGCTGGGATGCAGGTGCATGCCTCTAGCATGAAGTCAGACAAGTGAACCCGCTGAATTT
sq6,Symbiodinium, Clade C,NA,AACCAATGGCCTCCTGAATGTGCGTTGCACTCTTGGGATTTCCTGAGAGTATGTCTGCTTCAGTGCTTAACTTGCCCCAACTTTGCAAGCAGGATGTGTTTCTGCCTTGCGTTCTTATGAGCTATTGCCCTCTGAGCCAATGGCTTGTTAATTGCTTGGTTCTTGCAAAATGCTTTGCGCGCTGTTATTCAGGTTTCTACCTTCGTGGTTTTACTTGAGTGACGCTGCTCATGCTTGCAACCGCTGGGATGCAGGTGCATGCCTCTAGCATGAAGTCAGACAAGTGAACCCGCTGAATTT
sq7,Symbiodinium, Clade D,NA,AACCAATGGCCCCCTGAACGCGCATTGCACTCTTGGGACTTCCTGAGAGTATGTTTGCTTCAGTGCTTATTTTACCTCCTTGCAAGGTTCTGTCGCAACCTTGTGCCCTGGCCAGCCACGGGTTAACTTGCCCATGGCTTGCTGAGTAGTGATCTTTTAGAGCAAGCTCTGGCACGCTGTTGTTTGAGGCAGCCTATATTGAGGCTATTTCAAATGACGTTGCTACAAGCTTGATGTGTCCTTCTGCGCTGTTGCGCATCCCATAGCATGAAGTCAAACAAGAGAACCCGCTGAATTT
sq8,Symbiodinium, Clade C,NA,AACCAATGGCCTCCTGAACGTGCGTTGCACTCTTGGGATTTCCTGAGAGTATGTCTGCTTCAGTGCTTAACTTGCCCCAACTTTGCAAGCAGGATGTGTTTCTGCCTTGCGTTCTTATGAGCTATTGCCCTCTGAGCCAATGGCTTGTTAATTGCTTGGTTCTTGCAAAATGCTTTGCGCGCTGTTATTCAGGTTTCTACCTTCGTGGTTTTACTTGAGTGACGCTGCTCATGCTTGCAACCGCTGGGATGCAGGTGCATGCCTCTAGCATGAAGTCAGACAAGTGAACCCGCAGAATTT
sq12,Symbiodinium, Clade D,NA,AACCAATGGCCCCCTGAACGCGCATTGCACTCTTGGGACTTCCTGAGAGTATGTTTGCTTCAGTGCTTATTTTACCTCCTTGCAAGGTTCTGTCGCAACCTTGTGCCCTGGCCAGCCATGGGTTAACTTGCCCATGGCTTGCTGAGTAGTGATCTTTTAGAGCAAGCTCTGGCACGCTGTCGTTTGAGGCAGCCTATATTGAGGCTATTTCAAATGACGTTGCTACAAGCTTGATGTGTCCTTCTGCGCCGTTGCGCATCCCATAGCATGAAGTCAAACAAGAGAACCCGCTGAATTT
sq13,Symbiodinium, Clade C,NA,AATCAATGGCCTCCTGAACGTGCGTTGCACTCTTGGGATTTCCTGAGAGTATGTCTGCTTCAGTGCTTAACTTGCCCCAACTTTGCAAGCAGGATGTGTTTCTGCCTTGCGTTCTTATGAGCTATTGCCCTCTGAGCCAATGGCTTGTTAATTGCTTGGTTCTTGCAAAATGCTTTGCGCGCTGTTATTCAGGTTTCTACCTTCGTGGTTTTACTTGAGTGACGCTGCTCATGCTTGCAACCGCTGGGATGCAGGTGCATGCCTCTAGCATGAAGTCAGACAAGTGAACCCGCTGAATTT
sq14,Symbiodinium, Clade C,NA,AACCAATGGCCTCCTGAACGTGCGTTGCACTCTTGGGATTTCCTGAGAGTATGTCTGCTTCAGTGCTTAACTTGCCCCAACTTTGCAAGCAGGATGTGTTTCTGCCTTGCGTTCTTATGAGCTATTGCCCTCTGAGCCAATGGCTTGTTAATTGCTTCGTTCTTGCAAAATGCTTTGCGCGCTGTTATTCAGGTTTCTACCTTCGTGGTTTTACTTGAGTGACGCTGCTCATGCTTGCAACCGCTGGGATGCAGGTGCATGCCTCTAGCATGAAGTCAGACAAGTGAACCCGCTGAATTT
sq18,Symbiodinium, Clade C,NA,AACCAATGGCCTCCTGAACGTGCGTTGCACTCTTGGGATTTCCTGAGAGTATGTCTGCTTCAGTGCTTAACTTGCCCCAACTTTGCAAGCAGGATGTGTTTCTGCCTTGCGTGCTTATGAGCTATTGCCCTCTGAGCCAATGGCTTGTTAATTGCTTGGTTCTTGCAAAATGCTTTGCGCGCTGTTATTCAAGTTTCTACCTTCGTGGTTTTACTTGAGTGACGCTGCTCATGCTTGCAACCGCTGGGATGCAGGTGCATGCCTCTAGCATGAAGTCAGACAAGTGAACCCGCTGAATTT
sq20,Symbiodinium, Clade C,NA,AACCAATGGCCTCCTGAACGTGCGTTGCACTCTTGGGATTTCCTGAGAGTATGTCTGCTTCAGTGCTTAACTTGCCCCAACTTTGCAAGCAGGATGTGTTTCTGCCTTGCGTTCTTATGAGCTATTGCCCTCTGAGCCAATGGCTTGTTAATTGCTTGGTTCTTGCAAAATGCTTTGCGCGCTGTTATTCAAGTTTCTACCTTCGTGGTTTTACTTGAGTGACGCTGCTCATGCTTGCAACCGCTAGGATGCAGGTGCATGCCTCTAGCATGAAGTCAGACAAGTGAACCCGCTGAATTT
sq21,Symbiodinium, Clade C,NA,AACCAATGGCCTCCTGAACGTGCGTTGCACTCTTGGGATTTCCTGAGAGTATGTCTGCTTCAGTGCTTAACTTGCCCCAACTTTGCAAGCAGGATGTGTTTCTGCCTTGCGTTCTTATGAGCTATTGCCCTCTGAGCCAATGGCTTGTTAATTGCTTGGTTCTTGCAAAATGCTTTGCGCGCTGTTATTCAGGTTTCTACCTTTGTGGTTTTACTTGAGTGACGCTGCTCATGCTTGCAACCGCTGGGATGCAGGTGCATGCCTCTAGCATGAAGTCAGACAAGTGAACCCGCTGAATTT
sq22,Symbiodinium, Clade D,NA,AACCAATGGCCCCCTGAACGCGCATTGCACTCTTGGGACTTCCTGAGAGTATGTTTGCTTCAGTGCTTATTTTACCTCCTTGCAAGGTTCTGTCGCAACCTTGTGCCCTGGCCAGCCATGGGTTAACTTGCCCATGGCTTGCTGAGTAGTGATCTTTTAGAGCAAGCTCTGGCACGCTGTTGTTTGAGGCAGCCTATATTGAGGCTATTTCAAATGACGTTGCTACAAGCTTGATGTGTCCTTCTGCGCCGTTGCGCATCCCATAGCATGAAGTCAAACAAGGGAACCCGCTGAATTT
sq23,Symbiodinium, Clade C,NA,AACCAATGGCCTCCTGAACGTGCGTTGCACTCTTGGGATTTCCTGAGAGTATGTCTGCTTCAGTGCTTAACTTGCCCCAACTTTGCAAGCAGGATGTGTTTCTGCCTTGCATTCTTATGAGCTATTGCCCTCTGAGCCAATGGCTTGTTAATTGCTTGGTTCTTGCAAAATGCTTTGCGCGCTGTTATTCAAGTTTCTACCTTCGTGGTTTTACTTGAGTGACGCTGCTCATACTTGCAACCGCTGGGATGCAGGTGCATGCCTCTAGCATGAAGTCAGACAAGTGAACCCGCTGAATTT
sq24,Symbiodinium, Clade C,NA,AACCAATGGCCTCCTGAACGTGCGTTGCACTCTTGGGATTTCCTGAGAGTATGTCTGCTTCAGTGCTTAACTTGCCCCAACTTTGCAAGCAGGATGTGTTTCTGCCTTGCGTTCTTATGAGCTATTGCCCTCTGAGCCAATGGCTTGTTAATTGTTTGGTTCTTGCAAAATGCTTTGCGCGCTGTTATTCAGGTTTCTACCTTCGTGGTTTTACTTGAGTGACGCTGCTCATGCTTGCAACCGCTGGGATGCAGGTGCATGCCTCTAGCATGAAGTCAGACAAGTGAACCCGCTGAATTT
sq26,Symbiodinium, Clade C,NA,AACCAATGGCCTCCTGAACGTGCGTTGCACTCTTGGGATTTCCTGAGAGTATGTCTGCTTCAGTGCTTAACTTGCCCCAACTTTGCAAGCAGGATGTGTTTCTGCCTTGCGTTCTTATGAGCTATTGCCCTCTGAGCCAATGGCTTGTTAATTGCTTGGTTCTTGCAAAATGCTTTGCGCGCTGTTATTCAGGTTTCTACCTTCGTGGTTTTACTTGAGTGACGCTGCTCATGCTTGCAACCGCTGGGATGCAGGTGCATGCCTCTAGCATGAAGTCAGACAAGCGAACCCGCTGAATTT
sq27,Symbiodinium, Clade D,NA,AACCAATGGCCCCCTGAACGCGCATTGCACTCTTGGGACTTCCTGAGAGTATGTTTGCTTCAGTGCTTATTTTACCTCCTTGCAAGGTTCTGTCGCAACCTTGTGCCCTGGCCAGCCATGGGTTAACTTGCCCATGGCTTGCTGAGTAGTGATCTTTTAGAGCAAGCTCTGGCACGCTGTTGTTTGAGGCAGCCTATATTGAGGCTATTTCAAATGACATTGCTACAAGCTTGATGTGTCCTTCTGCGCCGTTGCGCATCCCATAGCATGAAGTCAAACAAGAGAACCCGCTGAATTT
sq28,Symbiodinium, Clade B,NA,AACCGATGGCCTCCTGAACGCGCATTGCGCTCTCGGGATTTCCTGAGAGCAGGTCTGCTTCAGTGCTTAGCATTATCTACCTGTGCTTGCAAGCAGCATGTATGTCTGCACTGCTGCTTCGCTTTCCAACAAGTCATCGATCGCTTTTGTGTTCGTAAATGGCTTGTTTGCTGCCTGGCCCATGCGCCAAGCTTGAGCGTACTGTTGTTCCAAGCTTTGCTTGCATCGTGCAGCTCAAGCGCGCAGCTGTCGGGATGCTGATGCATGCCCTTAGCATGAAGTCAGACAAGAGAACCCGCTGAATTT
sq30,Symbiodinium, Clade D,NA,AACCAATGGCCCCCTGAACGCGCATTGCACTCTTGGGACTTCCTGAGAGTATGTTTGCTTCAGTGCTTATTTTACCTCCTTGCCAGGTTCTGTCGCAACCTTGTGCCCTGGCCAGCCATGGGTTAACTTGCCCATGGCTTGCTGAGTAGTGATCCTTCAGAGCAAGCTCTGGCACGCTGTTGTTTGAGGCAGCCTATATTGAGGCTATTTCAAATGACGTTGCTACAAGCTTGATGTGTCCTTCTGCGCCGTTGCGCATCCCATAGCATGAAGTCAAGCAAGAGAACCCGCTGATTT
sq31,Symbiodinium, Clade C,NA,AACCAATGGCCTCCTGAACGTGCGTTGCACTCTTGGGATTTCCTGAGAGTATGTCTGCTTCAGTGCTTAACTTGCCCCAACTTTGCAAGCAGGATGTGTTTCTGCCTTGCGTTCTTATGAGCTATTGCCCTCTGAGCCAATGGCTTGTTAATTGCTTGGTTCTTGCAAAATGCTTTGCGCGCTGTTATTCAGGTTTCTACCTTCGTGGTTTTACTTGAGTGACGCTGCTCATGCTTGCAACCGCTGGGATGCAGGTGCATGCATCTAGCATGAAGTCAGACAAGTGAACCCGCTGAATTT
sq32,Symbiodinium, Clade C,NA,AACCAATGGCCTCCTGAACGTGCGTTGCACTCTTGGGATTTCCTGAGAGTATGTCTGCTTCAGTGCTTAACTTGCCCCAACTTTGCAAGCAGGATGTGTTTCTGCCTTGCGTTCTTATGAGCTATTGCCCTCTGAGCCAATGGCTTGTGAATTGCTTGGTTCTTGCAAAATGCTTTGCGCGCTGTTATTCAGGTTTCTACCTTCGTGGTTTTACTTGAGTGACGCTGCTCATGCTTGCAACCGCTGGGATGCAGGTGCATGCCTCTAGCATGAAGTCAGACAAGTGAACCCGCTGAATTT
sq33,Symbiodinium, Clade C,NA,AACCAATGGCCTCCTGAACGTGCGTTGCACTCTTGGGATTTCTTGAGAGTATGTCTGCTTCAGTGCTTAACTTGCCCCAACTTTGCAAGCAGGATGTGTTTCTGCCTTGCGTTCTTATGAGCTATTGCCCTCTGAGCCAATGGCTTGTTAATTGCTTGGTTCTTGCAAAATGCTTTGCGCGCTGTTATTCAAGTTTCTACCTTCGTGGTTTTACTTGAGTGACGCTGCTCATGCTTGCAACCGCTGGGATGCAGGTGCATGCCTCTAGCATGAAGTCAGACAAGTGAACCCGCTGAATTT
sq34,Symbiodinium, Clade C,NA,AACCAATGGCCTCCTGAACGTGCGTTGCACTCTTGGGATTTCCTGAGAGTATGTCTGCTTCAGTGCTTAACTTGCCCCAACTTTGCAAGCAGGATGTGTTTCTGCCTTGCGTTCTTATGAGCTATTGCCCTCTGAGCCAATGGCTTGTTAATTGCTTGGTTCTTGCAAAATGCTTTGCGTGCTGCTATTCAGGTTTCTACCTTCGTGGTTTTACTTGAGTGACGCTGCTCATGCTTGCAACCGCTGGGATGCAGGTGCATGCCTCTAGCATGAAGTCAGACAAGTGAACCCGCTGAATTT
sq36,Symbiodinium, Clade C,NA,AACCAATGGCCTCCTGAACGTGCGTTGCACTCTTGGGATTTCCTGAGAGTATGTCTGCTTCAGTGCTTAACTTGCCCCAACTTTGCAAGCAGGATGTGTTTCTGCCTTGCGTTCTTATGAGCTATTGCCCTCTGAGCCAATGGCTTGTTAATTGCTTCGTTCTTGCAAAATGCTTTGCGCGCTGTTATTCAGGTTTCTACCTTCGTGGTTTGACTTGAGTGACGCTGCTCATGCTTGCAACCGCTGGGATGCAGGTGCATGCCTCTAGCATGAAGTCAGACAAGTGAACCCGCTGAATTT
sq38,Symbiodinium, Clade D,NA,AACCAATGGCCCCCTGAACGCGCATTGCACTCTTGGGACTTCCTGAGAGTATGTTTGCTTCAGTGCTTATTTTACCTCCTTGCAAGGTTCTCTCGCAACCTTGTGCCCTGGCCAGCCATGGGTTAACTTGCCCATGGCTTGCTGAGTAGTGATCTTTTAGAGCAAGCTCTGGCACGCTGTTGTTTGAGGCAGCCTATATTGAGGCTATTTCAAATGACGTTGCTACAAGCTTGATGTGTCCTTCTGCGCCGTTGCGCATCCCATAGCATGAAGTCAAACAAGAGAACCCGCTGAATTT
sq39,Symbiodinium, Clade D,NA,AACCAATGGCCCCCTGAACGCGCATTGCACTCTTGGGACTTCCTGAGAGTATGTTTGCTTCAGTGCTTATTTTACCTCCTTGCAAGGTTCTGTCGCAACCTTGTGCCCTGGCCAGCCACGGGTTAACTTGCCCATGGCTTGCTGAGTAGTGATCTTTTAGAGCAAGCTCTGGCACGCTGTTGTTTGAGGCAGCCTATATTGAGGCTATTTCAAATGACGTTGCTACAAGCTTGATGTGTCCTTCTGCGACGTTGCGCATCCCATAGCATGAAGTCAAACAAGAGAACCCGCTGAATTT
sq40,Symbiodinium, Clade C,NA,AACCAATGGCCTCCTGAACGTGCGTTGCACTCTTGGGATTTCCTGAGAGTATGTCTGCTTCAGTGCTTAACTTGCCCCAACTTTGCAAGCAGGATGTGTTTCTGCCTTGCGTTCTTATGAGCTATTGCCCTCTGAGCCAATGGCTTGTTAATTGCTTGGTTCTTGCAAAATGCTTTGCGCGCTGTTATTCAAGTTTCTACCTTCGTGGTTTTACTTGAGTGACGCTGCTCATGCTTGCAACCGCTGGGATGCAGGTGCATGCCTCTAGCATGAAATCAGACAAGTGAACCCGCTGAATTT
sq41,Symbiodinium, Clade D,NA,AACCAATGGCCCCCTGAACGCGCATTGCACTCTTGGGACTTCCTGAGAGTATGTTTGCTTCAGTGCTTATTTTACCTCCTTGCAAGGTTCTGTCGCAACCTTGTGCCCTGGCCAGCCACGGGTTAACTTGCCCATGGCTTGCTGAGTAGTGATCTTTTAGAGCAAGCTCTGGCACGCTGTTGTTTGAGGCAGCCTATATTGAGGCTATTTCAAATGACGTTGCTACAAGCTTGATGTGTCCTTCTGCGCTGTTGCGCATCCCATAGCATGAAGTCAAACAAGAGAACCCGCGGAATTT
sq42,Symbiodinium, Clade D,NA,AACCAATGGCCCCCTGAACGCGCATTGCACTCTTGGGACTTCCTGAGAGTATGTTTGCTTCAGTGCTTATTTTACCTCCTTGCCAGGTTCTGTCGCAACCTTGTGCCCTGGCCAGCCATGGGTTAACTTGCCCATGGCTTGCTGAGTAGTGATCCTTCAGAGCAAGCTCTGGCACGCTGTTGTTTGAGGCAGCCTATATTGAGGCTATTTCAAATGACGTTGCTACAAGCTTGATGTGTCCTTCTGCGCCGTTGCGCATCCCATAGCATGAAGTCAAACAAGAGAACCCGCTGAATTT
sq43,Symbiodinium, Clade C,NA,AAGCAATGGCCTCCTGAACGTGCGTTGCACTCTTGGGATTTCCTGAGAGTATGTCTGCTTCAGTGCTTAACTTGCCCCAACTTTGCAAGCAGGATGTGTTTCTGCCTTGCGTTCTTATGAGCTATTGCCCTCTGAGCCAATGGCTTGTTAATTGCTTGGTTCTTGCAAAATGCTTTGCGCGCTGTTATTCAAGTTTCTACCTTCGTGGTTTTACTTGAGTGACGCTGCTCATGCTTGCAACCGCTGGGATGCAGGTGCATGCCTCTAGCATGAAGTCAGACAAGTGAACCCGCTGAATTT
sq44,Symbiodinium, Clade C,NA,AACCAATGGCCTCCTGAACGTGCGTTGCACTCTTGGGATTTCCTGAGAGTATGTCTGCTTCAGTGCTTAACTTGCCCCAACTTTGCAAGCAGGATGTGTTTCTGCCTTGCGTTCTTATGAGCTATTGCCCTCTGAGCCAATGGCTTGTTAATTGCTTGGTTCTTGCAAAATGCTTTGCGCGCTGTTATTCAGGTTTCTACCTTCGTGGTTTTACTTGAGTGATGCTGCTCATGCTTGCAACCGCTGGGATGCAGGTGCATGCCTCTAGCATGAAGTCAGACAAGTGAACCCGCTGAATTT
sq45,Symbiodinium, Clade D,NA,AACCAATGGCCCCCTGAACGCGCATTGCACTCTTGGGACTTCCTGAGAGTATGTTTGCTTCAGTGCTTGTTTTACCTCCTTGCAAGGTTCTGTCGCAACCTTGTGCCCTGGCCAGCCACGGGTTAACTTGCCCATGGCTTGCTGAGTAGTGATCTTTTAGAGCAAGCTCTGGCACGCTGTTGTTTGAGGCAGCCTATATTGAGGCTATTTCAAATGACGTTGCTACAAGCTTGATGTGTCCTTCTGCGCCGTTGCGCATCCCATAGCATGAAGTCAAACAAGAGAACCCGCTGAATTT
sq46,Symbiodinium, Clade D,NA,AACCAATGGCCCCCTGAACGCGCATTGCACTCTTGGGACTTCCTGAGAGTATGTTTGCTTCAGTGCTTATTTTACTTCCTTGCAAGGTTCTGTCGCAACCTTGTGCCCTGGCCAGCCACGGGTTAACTTGCCCATGGCTTGCTGAGTAGTGATCTTTTAGAGCAAGCTCTGGCACGCTGTTGTTTGAGGCAGCCTATATTGAGGCTATTTCAAATGACGTTGCTACAAGCTTGATGTGTCCTTCTGCGCCGTTGCGCATCCCATAGCATGAAGTCAAACAAGAGAACCCGCTGAATTT
sq47,Symbiodinium, Clade D,NA,AACCAATGGCCCCCTGAACGCGCATTGCACTCTTGGGACTTCCTGAGAGTATGTTTGCTTCAGTGCTTATTTTACCTCCTTGCAAGGTTCTGTCGCAACCTTGTGCCCTGGCCAGCCATGGGTTAACTTGCCCATGGCTTGCTGAGTAGTGATCTTTTAGAGCAAGCTCTGGCACGCTGTTGTTTGAGGCAGCCTATATTGAGGCTATTTCAAATGACGTTGCTACAAGCTTGATGTGTCCTTCTGCGACGTTGCGCATCCCATAGCATGAAGTCAAACAAGAGAACCCGCTGAATTT
sq48,Symbiodinium, Clade C,NA,AACCAATGGCCTCCTGAACGTGCGTTGCTCTCTTGGGATTTCCTGAGAGTATGTCTGCTTCAGTGCTTAACTTGCCCCAACTTTGCAAGCAGGATGTGTTTCTGCCTTGCGTTCTTATGAGCTATTGCCCTCTGAGCCAATGGCTTGTTAATTGCTTGGTTCTTGCAAAATGCTTTGCGCGCTGTTATTCAAGTTTCTACCTTCGTGGTTTTACTTGAGTGACGCTGCTCATGCTTGCAACCGCTGGGATGCAGGTGCATGCCTCTAGCATGAAGTCAGACAAGTGAACCCGCTGAATTT
sq49,Symbiodinium, Clade C,NA,AATCAATGGCCTCCTGAACGTGCGTTGCACTCTTGGGATTTCCTGAGAGTATGTCTGCTTCAGTGCTTAACTTGCCCCAACTTTGCAAGCAGGATGTGTTTCTGCCTTGCGTTCTTATGAGCTATTGCCCTCTGAGTCAATGGCTTGTTAATTGCTTGGTTCTTGCAAAATGCTTTGCGCGCTGTTATTCAAGTTTCTACCTTCGTGGTTTTACTTGAGTGACGCTGCTCATGCTTGCAACCGCTGGGATGCAGGTGCATGCCTCTAGCATGAAGTCAGACAAGTGAACCCGCTGAATTT
sq50,Symbiodinium, Clade C,NA,AACCAATGGCCTCCTGAACGTGCGTTGCACTCTTGGGATTTCCTGAGAGCATGTCTGCTTCAATGCTTAACTTGCCCCAACTTTGCAAGCAGGATGTGTTTCTGCCTTGCGTTCTTATGAGCTATTGCCCTCTGAGCCAATGGCTTGTTAATTGCTTGGTTCTTGCAAAATGCTTTGCGCGCTGTTATTCAAGTTTCTACCTTCGTGGTTTTACTTGAGTGACGCTGCTCATGCTTGCAACCGCTGGGATGCAGGTGCATGCCTCTAGCATGAAGTCAGACAAGTGAACCCGCTGAATTT
sq51,Symbiodinium, Clade C,NA,AACCAATGGCCTCCTGAACGTGCGTTGCACTCTTGGGATTTCCTGAGAGTATGTCTGCTTCAGTGCTTAACTTGCCCCAACTTTGCAAGCAGGATGTGTTTCTGCCTTGCGTTCTTATGAGCTATTGCCCTCTGAGCCAATGGCTTGTTAATTGCTTGGTTCTTGCAAAATGCTTTGCGCGCTGTTATTCAGGTTTCTACCTTCGTGGTTTTACTTGAGTGACGCTGCTCATGCTTGCAACCGCTGGGATGCAGGTGCATGCCTCTAGCATGAAGTCAGACAAGTGAACCTGCTGAATTT
sq52,Symbiodinium, Clade C,NA,AACCAATGGCCTCCTGAACGTGTGTTGCACTCTTGGGATTTCCTGAGAGTATGTCTGCTTCAGTGCTTAACTTGCCCCAACTTTGCAAGCAGGATGTGTTTCTGCCTTGCATTCTTATGAGCTATTGCCCTCTGAGCCAATGGCTTGTTAATTGCTTGGTTCTTGCAAAATGCTTTGCGCGCTGTTATTCAAGTTTCTACCTTCGTGGTTTTACTTGAGTGACGCTGCTCATACTTGCAACCGCTGGGATGCAGGTGCATGCCTCTAGCATGAAGTCAGACAAGTGAACCCGCTGAATTT
sq53,Symbiodinium, Clade D,NA,AACCAATGGCCCCCTGAACGCGCATTGCACTCTTGGGACTTCCTGAGAGTATGTTTGCTTCAGTGCTTATTTTACCTCCTTGCAAGGTTCTGTCGCAACCTTGTGCCCTGGCCAGCCACGGGTTAACTTGCCCATGGCTTGCTGAGTAGTGATCTTTTAGAGCAAGCTCTGGCACGCTGTTGTTTGAGGCAGCCTATATTGAGGCTATTTCAAATGACGCTGCTACAAGCTTGATGTGTCCTTCTGCGCCGTTGCGCATCCCATAGCATGAAGTCAAACAAGAGAACCCGCTGAATTT
sq54,Symbiodinium, Clade C,NA,AATTAATGGCCTCCTGAACGTGCGTTGCACTCTTGGGATTTCCTGAGAGTATGTCTGCTTCAGTGCTTAACTTGCCCCAACTTTGCAAGCAGGATGTGTTTCTGCCTTGCGTTCTTATGAGCTATTGCCCTCTGAGCCAATGGCTTGTTAATTGCTTGGTTCTTGCAAAATGCTTTGCGCGCTGTTATTCAGGTTTCTACCTTCGTGGTTTTACTTGAGTGACGCTGCTCATGCTTGCAACCGCTGGGATGCAGGTGCATGCCTCTAGCATGAAGTCAGACAAGTGAACCCGCTGAATTT
sq55,Symbiodinium, Clade D,NA,AACCAATGGCCCCCTGAACGCGCATTGCACTCTTGGGACTTCCTGAGAGTATGTTTGCTTCAGTGCTTATTTTACCTCCTTGCAAGGTTCTGTCGCAACCTTGTGCCCTGGCCAGCCATGGGTTAACTTGCCCATGGCTTGCTGAGTAGTGATCTTTTAGAGCAAGCTCTGGCACGCTGTTGTTTGAGGCAGCCTATATTGAGGCTATTTCAAATGACGCTGCTACAAGCTTGATGTGTCCTTCTGCGCCGTTGCGCATCCCATAGCATGAAGTCAAACAAGAGAACCCGCTGAATTT
sq56,Symbiodinium, Clade C,NA,AACCAATGGCCTCCTGAACGTGCGTTGCACTCTTGGGATTTCCTGAGAGTATGTCTGCTTCAGTGCTTAACTTGCCCCAACTTTGCAAGCAGGATGTGTTTCTGCCTTGCGTTCTTATGAACTATTGCCCTCTGAGCCAATGGCTTGTTAATTGCTTGGTTCTTGCAAAATGCTTTGCGCGCTGTTATTCAGGTTTCTACCTTCGTGGTTTTACTTGAGTGACGCTGCTCATGCTTGCAACCGCTGGGATGCAGGTGCATGCCTCTAGCATGAAGTCAGACAAGTGAACCCGCTGAATTT
sq57,Symbiodinium, Clade C,NA,AACCAATGGCCTCCTGAACGTGCGTTGCACTCTTGGGATTTCCTGAGAGTATGTCTGCTTCAGTGCTTAACTTGCCCCAACTTTGCAAGCAGGATGTGTTTCTGCCTTGCGTTCTTATGAGCTATTGCCCTCTGAGCCAATGGCTTGTTAATTGCTTGGTTCTTGCAAAATGCTTTGCGCGCTGTTATTCAGGTTTCTACCTTCGTGGTTTTACTTGAGTAACGCTGCTCATGCTTGCAACCGCTGGGATGCAGGTGCATGCCTCTAGCATGAAGTCAGACAAGTGAACCCGCTGAATTT
sq58,Symbiodinium, Clade D,NA,AACCAATGGCCCCCTGAACGCGCATTGCACTCTTGGGACTTTCTGAGAGTATGTTTGCTTCAGTGCTTATTTTACCTCCTTGCAAGGTTCTGTCGCAACCTTGTGCCCTGGCCAGCCATGGGTTAACTTGCCCATGGCTTGCTGAGTAGTGATCTTTTAGAGCAAGCTCTGGCACGCTGTTGTTTGAGGCAGCCTATATTGAGGCTATTTCAAATGACGTTGCTACAAGCTTGATGTGTCCTTCTGCGCCGTTGCGCATCCCATAGCATGAAGTCAAACAAGAGAACCCGCTGAATTT
sq59,Symbiodinium, Clade C,NA,AACCAATGGCCTCCTGAACGTGCGTTGCACTCTTGGGATTTCCTGAGAGTATGTCTGCTTCAGTGCTTAACTTGCCCCAACTTTGCAAGCAGGATGTGTTTCTGCCTTGCGTTCTTATGAGCTATTGCCCTCTGAGCCAATGGCTTGTTAATTGCTTGGTTCTTGCAAAATGCTTTGTGCGCTGTTATTCAGGTTTCTACCTTCGTGGTTTTACTTGAGTGACGCTGCTCATGCTTGCAACCGCTGGGATGCAGGTGCATGCCTCTAGCATGAAGTCAGACAAGTGAACCCGCTGAATTT
sq60,Symbiodinium, Clade C,NA,AACCAATGGCCTCCTGAACGTGCGTTGCACTCTTGGGATTTCCTGAGAGTATGTCTGCTTCAGTGCTTAACTTGCACCAACTTTGCAAGCAGGATGTGTTTCTGCCTTGCGTTCTTATGAGCTATTGCCCTCTGAGCCAATGGCTTGTTAATTGCTTGGTTCTTGCAAAATGCTTTGCGCGCTGTTATTCAGGTTTCTACCTTCGTGGTTTTACTTGAGTGACGCTGCTCATGCTTGCAACCGCTGGGATGCAGGTGCATGCCTCTAGCATGAAGTCAGACAAGTGAACCCGCTGAATTT
sq61,Symbiodinium, Clade C,NA,AACCAATGGTCTCCTGAATGTGCGTTGCACTCTTGGGATTTCCTGAGAGTATGTCTGCTTCAGTCCTTAACTTGCCCCAACTTTGCAAGCAGGATGTGTTTCTGCCTTGCGTTCTTATGAGCTATTGCCCTCTGAGCCAATGGCTTGTTAATTGCTTGGTTCTTGCAAAATGCTTTGCGCGCTGTTATTCAGGTTTCTACCTTCGTGGTTTTACTTGAGTGACGCTGCTCATGCTTGCAACCGCTGGGATGCAGGTGCATGCCTCTAGCATGAAGTCAGACAAGTGAACCCGCTGAATTT
sq62,Symbiodinium, Clade D,NA,AACCAATGGCCCCCTGAACGCGCATTGCACTCTTGGGACTTCCTGAGAGTATGTTTGCTTCAGTGCTTATTTTACCTCCTTGCAAGGTTCTGTCGCAACCTTGTGCCCTGGCCAGCCATGGGTTAACTTGCCCATGGCTTGCTGAGTAGTGATCTTTTAGAGCAAGCTCTGGCAAGCTGTTGTTTGAGGCAGCCTATATTGAGGCTATTTCAAATGACGTTGCTACAAGCTTGATGTGTCCTTCTGCGCCGTTGCGCATCCCATAGCATGAAGTCAAACAAGAGAACCCGCTGAATTT
sq64,Symbiodinium, Clade D,NA,AACCAATGGCCCCCTGAACGCGCATTGCACTCTTGGGACTTCCTGAGAGTATGTTTGCTTCAGTGCTTATTTTACCTCCTTGCAAGGTTCTGTCGCAACCTTGTGCCCTGGCCAGCCACGGGTTAACTTGCCCATGGCTTGCTGAGTAGTGATCTCTTAGAGCAAGCTCTGGCACGCTGTTGTTTGAGGCAGCCTATATTGAGGCTATTTCAAATGACGTTGCTACAAGCTTGATGTGTCCTTCTGCGCCGTTGCGCATCCCATAGCATGAAGTCAAACAAGAGAACCCGCTGAATTT
sq65,Symbiodinium, Clade C,NA,AACCAATGGCCTCCTGAACGTGCGTTGCACTCTTGGGATTTCCTGAGAGTATGCCTGCTTCAGTGCTTAACTTGCCCCAACTTTGCAAGCAGGATGTGTTTCTGCCTTGCATTCTTATGAGCTATTGCCCTCTGAGCCAATGGCTTGTTAATTGCTTGGTTCTTGCAAAATGCTTTGCGCGCTGTTATTCAGGTTTCTACCTTCGTGGTTTTACTTGAGTGACGCTGCTCATGCTTGCAACCGCTGGGATGCAGGTGCATGCCTCTAGCATGAAGTCAGACAAGTGAACCCGCTGAATTT
sq66,Symbiodinium, Clade B,NA,AACCGATGGCCTCCTGAACGCGCATTGCGCTCTCGGGATTTCCTGAGAGCAGGACTGCTTCAGTGCTTAGCATTATCTACCTGTGCTTGCAAGCAGCATGTATGTCTGCACTGCTGCTTCGCTTTCCAACAAGTCATCGATCGCTTTTGTGTTCGTAAATGGCTTGTTTGCTGCCTGGCCCATGCGCCAAGCTTGAGCGTACTGTTGTTCCAAGCTTTGCTTGCATCGTGCAGCTCAAGCGCGCAGCTGTCGGGATGCTGATGCATGCCCTTAGCATGAAGTCAGACAAGAGAACCCGCTGAATTT
sq67,Symbiodinium, Clade C,NA,AACCAATGGCCTCCTGAACGTGCGTTGCACTCTTGGGATTTCCTGAGAGTATGTCTGCTTCAGTGCTTAACTTGCCCCAACTTTGCAAACAGATGTGTTTCTGCCTTGCGTTCTTATGAGCTATTGCCCTCTGAGCCAATGGCTTGTTAATTGCTTGGTTCTTGCAAAATGCTTTGCGCGCTGTTATTCAGGTTTCTACCTTCGTGGTTTTACTTGAGTGACGCTGCTCATGCTTGCAACCGCTGGGATGCAGGTGCATGCCTCTAGCATGAAGTCAGACAAGTGAACCCGCTGAATTT
sq68,Symbiodinium, Clade B,NA,AACCGATAGCCTCCTGAACGCGCATTGCGCTCTCGGGATTTCCTGAGAGCAGGTCTGCTTCAGTGCTTAGCATTATCTACCTGTGCTTGCAAGCAGCATGTATGTCTGCACTGCTGCTTCGCTTTCCAACAAGTCATCGATCGCTTTTGTGTTCGTAAATGGCTTGTTTGCTGCCTGGCCCATGCGCCAAGCTTGAGCGTACTGTTGTTCCAAGCTTTGCTTGCATCGTGCAGCTCAAGCGCGCAGCTGTCGGGATGCTGATGCATGCCCTTAGCATGAAGTCAGACAAGAGAACCCGCTGAATTT
sq70,Symbiodinium, Clade C,NA,AACCAATGGCCTCCTGAACGTGCGTTGCACTCTTGGGATTTCCTGAGAGTATGTCTGCTTCAGTGCTTAACTTGCCCCAACTTTGCAAGCAGGATGTGTTTCTGCCTTGCATTCTTATGAGCTATTGCCCTCTGAGCCAATGGCTTGTTAATTGCTTGGTTCTTGCAAAATGCTTTGCGCGCTGTTATTCAAGTTTCTACCTTCGTGGTTTTACTTGAGTGACGCTGCTCATACTTGCAACCGCTGGGATGCAGGTGCATGCCTCTAGCATGAAGTCAGACAAGTGAACTCGCTGAATTT
sq71,Symbiodinium, Clade C,NA,AACCAATGGCCTCCTGAACGTGCGTTGCACTCTTGGGATTTCCTGAGAGTATGTCTGCTTCAGTGCTTAACTTGCCCCAACTTTGCAAGCAGGATGTGTTTCTGCCTTGCGTTCTTATGCGCTATTGCCCTCTGAGCCAATGGCTTGTTAATTGCTTGGTTCTTGCAAAATGCTTTGCGCGCTGTTATTCAAGTTTCTACCTTCGTGGTTTTACTTGAGTGACGCTGCTCATGCTTGCAACCGCTGGGATGCAGGTGCATGCCTCTAGCATGAAGTCAGACAAGTGAACCCGCTGAATTT
sq72,Symbiodinium, Clade D,NA,AACCAATGGCCCCCTGAACGCGCATTGCACTCTTGGGACTTCCTGAGAGTATGTTTGCTTCAGTGCTTATTTTACCTCCTTGCAAGGTTCTGTCGCAACCTTGTGCCCTGGCCAGCCATGGGCAAGTTAACCCATGGCTTGCTGAGTAGTGATCTTTTAGAGCAAGCTCTGGCACGCTGTTGTTTGAGGCAGCCTATATTGAGGCTATTTCAAATGACGTTGCTACAAGCTTGATGTGTCCTTCTGCGCCGTTGCGCATCCCATAGCATGAAGTCAAACAAGAGAACCCGCTGAATTT
sq74,Symbiodinium, Clade D,NA,AATCAATGGCCCCCTGAACGCGCATTGCACTCTTGGGACTTCCTGAGAGTATGTTTGCTTCAGTGCTTATTTTACCTCCTTGCAAGGTTCTGTCGCAACCTTGTGCCCTGGCCAGCCACGGGTTAACTTGCCCATGGCTTGCTGAGTAGTGATCTTTTAGAGCAAGCTCTGGCACGCTGTTGTTTGAGGCAGCCTATATTGAGGCTATTTCAAATGACGTTGCTACAAGCTTGATGTGTCCTTCTGCGACGTTGCGCATCCCATAGCATGAAGTCAAACAAGAGAACCCGCTGAATTT
sq75,Symbiodinium, Clade C,NA,AACCAATGGCCTCCTGAACGTGTGTTGCACTCTTGGGATTTCCTGAGAGTATCTCTGCTTCAGTGCTTAACTTGCCCCAACTTTGCAAGCAGGATGTGTTTCTGCCTTGCATTCTTATGAGCTATTGCCCTCTGAGCCAATGGCTTGTTAATTGCTTGGTTCTTGCAAAATGCTTTGCGCGCTGTTATTCAAGTTTCTACCTTCGTGGTTTTACTTGAGTGACGCTGCTCATACTTGCAACCGCTGGGATGCAGGTGCATGCCTCTAGCATGAAGTCAGACAAGTGAACCCGCTGAATTT
sq76,Symbiodinium, Clade C,NA,AATCAATGGCCTCCTGAACGTGCGTTGCACTCTTGGGATTTCCTGAGAGTATGTCTGCTTCAGTGCTTAACTTGCCCCAACTTTGCAAGCAGGATGTGTTTCCGCCTTGCGTTCTTATGAGCTATTGCCCTCTGAGCCAATGGCTTGTTAATTGCTTGGTTCTTGCAAAATGCTTTGCGCGCTGTTATTCAGGTTTCTACCTTCGTGGTTTTACTTGAGTGACGCTGCTCATGCTTGCAACCGCTGGGATGCAGGTGCATGCCTCTAGCATGAAGTCAGACAAGTGAACCCGCTGAATTT
sq77,Symbiodinium, Clade B,NA,AACCGATGGCCTCCTGAACGCGCATTGCGCTCTCGGGATTTCCTGGGAGCAGGTCTGCTTCAGTGCTTAGCATTATCTACCTGTGCTTGCAAGCAGCATGTATGTCTGCACTGCTGCTTCGCTTTCCAACAAGTCATCGATCGCTTTTGTGTTCGTAAATGGCTTGTTTGCTGCCTGGCCCATGCGCCAAGCTTGAGCGTACTGTTGTTCCAAGCTTTGCTTGCATCGTGCAGCTCAAGCGCGCAGCTGTCGGGATGCTGATGCATGCCCTTAGCATGAAGTCAGACAAGAGAACCCGCTGAATTT
sq78,Symbiodinium, Clade C,NA,AACCAATGGCCTCCTGAACGTGCGTTGCACTCTTGGGATTTCCTGAGAGTATGTCTGCTTCAGTGCTTAACTTGCCCCAACTTTGTAAGCAGGATGTGTTTCTGCCTTGCATTCTTATGAGCTATTGCCCTCTGAGCCAATGGCTTGTTAATTGCTTGGTTCTTGCAAAATGCTTTGCGCGCTGTTATTCAAGTTTCTACCTTCGTGGTTTTACTTGAGTGACGCTGCTCATACTTGCAACCGCTGGGATGCAGGTGCATGCCTCTAGCATGAAGTCAGACAAGTGAACCCGCTGAATTT
sq79,Symbiodinium, Clade C,NA,AACCAATGGCCTCCTGAACGTGTGTTGCACTCTTGGGATTTCCTGAGAGTATCTCTGCTTCAGTGCTTAACTTGCCCCAACTTTGCAAGCAGGATGTGTTTCTGCCTTGCATTCTTATGAGCTATTGCCCTCTGAGCCAATGGCTTGTTAATTGCTTGGTTCTTGCAAAATGCTTTGCGCGCTGTTATTCAGGTTTCTACCTTCGTGGTTTTACTTGAGTGACGCTGCTCATGCTTGCAACCGCTGGGATGCAGGTGCATGCCTCTAGCATGAAGTCAGACAAGTGAACCCGCTGAATTT
sq81,Symbiodinium, Clade B, B2,AACCGATGGCCTCCTGAACGCGCATTGCGCTCTCGGGATTTCCTGAGAGCAGGTCTGCTTCAGTGCTTAGCATTATCTACCTGTGCTTGCAAGCAGCATGTCTACACTGCTGCTTTGCTTTCCAACAAGTCATCGATCGCGTTTGTGTTCGTAAATGGCTTGTTTGCTGCCTGGCCCATGCGCCAAGCTTGAGCGTACTGTTGTTCCAAGCTTAGCTTGCATCGTACAGCTCAAGCGCGCAGCTGTTGGGATGCTGATGCATGCCCTTAGCATGAAGTCAGACAAGAGAACCCGCTGAATTT
sq82,Symbiodinium, Clade B,NA,AACCGATGGCCTCCTGAACGCGCATTGCGCTCTCGGGATTTCCTGAGAGCAGGTCTGCTTCAGTGCTTAGCATTATCTACCTGTGCTTGCAAGCAGCATGTATGTCTGCATTGCTGCTTCGCTTTCCAACAAGTCATCGATCGCTTTTGTGTTCGTAAATGGCTTGTTTGCTGCCTGGCCCATGCGCCAAGCTTGAGCGTACTGTTGTTCCAAGCTTTGCTTGCATCGTGCAGCTCAAGCGCGCAGCTGTCGGGATGCTGATGCATGCCCTTAGCATGAAGTCAGACAAGAGAACCCGCTGAATTT
sq83,Symbiodinium, Clade D,NA,AACCAATGGCCTCTTGAACGTGCATTGCGCTCTTGGGATATGCCTGAGAGCATGTCTGCTTCAGTGCTTATTTTACCTCCTTGCAAGGTTCTGTCGCAACCTTGTGCCCTGGCCAGCCATGGGTTAACTTGCCCATGGCTTGCTGAGTAGTGATCTTTTAGAGCAAGCTCTGGCACGCTGTTGTTTGAGGCAGCCTATATTGAGGCTATTTCAAATGACGTTGCTACAAGCTTGATGTGTCCTTCTGCGCCGTTGCGCATCCCATAGCATGAAGTCAAACAAGAGAACCCGCTGAATTT
sq85,Symbiodinium, Clade C,NA,AACCAATGGCCTCCTGAACGTGCGTTGCACTCTTGGGATTTCCTGAGAGTATGTCTGCTTCAGTGCTTAACTTGCCCCAACTTTGCAAGCAGGATGTGTTTCTGCCTTGCGTTCTTATGAGCTATTGCCCTCTGAGCCAATGGCTTGTTAATTGCTTGGTTCTTGCAAAATGCTTTGCGCGCTGTTATTCAGGTTTCTACCTTCGTGGTTTTACTTGAGTGACGCTGCTCATGCTTGCAACCGCTGGGATGCCGGTGCATGCCTCTAGCATGAAGTCAGACAAGTGAACCCGCAGAATTT
sq87,Symbiodinium, Clade C,NA,AACCAATGGCCTCTTGAACGTGCATTGCGCTCTTGGGATATGCCTGAGAGCATGTCTGCTTCAGTGCTTAACTTGCCCCAACTTTGCAAGCAGGATGTGTTTCTGCCTTGCGTTCTTATGAGCTATTGCCCTCTGAGCCAATGGCTTGTTAATTGCTTGGTTCTTGCAAAATGCTTTGCGCGCTGTTATTCAGGTTTCTACCTTCGTGGTTTTACTTGAGTGACGCTGCTCATGCTTGCAACCGCTGGGATGCAGGTGCATGCCTCTAGCATGAAGTCAGACAAGTGAACCCGCTGAATTT
sq89,Symbiodinium, Clade C,NA,CCCCCCTTTCCTCCTTCCCTTTCTTTTCCCTCTTGGGATTTCCTGAGAGTATGTCTGCTTCAGTGCTTAACTTGCCCCAACTTTGCAAGCAGGATGTGTTTCTGCCTTGCGTTCTTATGAGCTATTGCCCTCTGAGCCAATGGCTTGTTAATTGCTTGGTTCTTGCAAAATGCTTTGCGCGCTGTTATTCAAGTTTCTACCTTCGTGGTTTTACTTGAGTGACGCTGCTCATGCTTGCAACCGCTGGGATGCAGGTGCATGCCTCTAGCATGAAGTCAGACAAGTGAACCCGCTGAATTT
sq90,Symbiodinium, Clade C,NA,CCCCCCTTTCCTCCTTCCCTTGCGTTGCACTCTTGGGATTTCCTGAGAGTATGTCTGCTTCAGTGCTTAACTTGCCCCAACTTTGCAAGCAGGATGTGTTTCTGCCTTGCGTTCTTATGAGCTATTGCCCTCTGAGCCAATGGCTTGTTAATTGCTTGGTTCTTGCAAAATGCTTTGCGCGCTGTTATTCAGGTTTCTACCTTCGTGGTTTTACTTGAGTGACGCTGCTCATGCTTGCAACCGCTGGGATGCAGGTGCATGCCTCTAGCATGAAGTCAGACAAGTGAACCCGCTGAATTT
sq91,Symbiodinium, Clade B,NA,AACCGATGGCCTCCTGAACGCGCATTGCGCTCTCGGGATTTCCTGAGAGCAGGTCTGCTTCAGTGCTTAGCATTATCTACCTGTGCTTGCAAGCAGCATGTCTACACTGCTGCTTTGCTTTCCAACAAGTCATCGATCGTGTTTGTGTTCGTAAATGGCTTGTTTGCTGCCTGGCCCATGCGCCAAGCTTGAGCGTACTGTTGTTCCAAGCTTAGCTTGCATCGTACAGCTCAAGCGCGCAGCTGTTGGGATGCTGATGCATGCCCTTAGCATGAAGTCAGACAAGAGAACCCGCTGAATTT
sq92,Symbiodinium, Clade D,NA,CCCCCCTTTCCCCCTTCCCTCTCCTTTCCCTCTTGGGACTTCCTGAGAGTATGTTTGCTTCAGTGCTTATTTTACCTCCTTGCAAGGTTCTGTCGCAACCTTGTGCCCTGGCCAGCCATGGGTTAACTTGCCCATGGCTTGCTGAGTAGTGATCTTTTAGAGCAAGCTCTGGCACGCTGTTGTTTGAGGCAGCCTATATTGAGGCTATTTCAAATGACGTTGCTACAAGCTTGATGTGTCCTTCTGCGCCGTTGCGCATCCCATAGCATGAAGTCAAACAAGAGAACCCGCTGAATTT
sq93,Symbiodinium, Clade B,NA,AACCAATGGCCTCCTGAACGTGCGTTGCACTCTTGGGATTTCCTGAGAGCAGGTCTGCTTCAGTGCTTAGCATTATCTACCTGTGCTTGCAAGCAGCATGTATGTCTGCACTGCTGCTTCGCTTTCCAACAAGTCATCGATCGCTTTTGTGTTCGTAAATGGCTTGTTTGCTGCCTGGCCCATGCGCCAAGCTTGAGCGTACTGTTGTTCCAAGCTTAGCTTGCATCGTACAGCTCAAGCGCGCAGCTGTTGGGATGCTGATGCATGCCCTTAGCATGAAGTCAGACAAGAGAACCCGCTGAATTT
sq95,Symbiodinium, Clade B,NA,AACCGATGGCCTCCTGAACGCGCATTGCGCTCTCGGGATTTCCTGAGAGCAGGTCTGCTTCAGTGCTTAGCATTATCTACCTGTGCTTGCAAGCAGCATGTATGTCTGCACTGCTGCTTCGCTTTCCAACAAGTCATCGATCGCTTTTGTGTTCGTAAATGGCTTGTTTGCTGCCTGGCCCATGCGCCAAGCTTGAGCGTACTGTTGTTCCAAGCTTAGCTTGCATCGTACAGCTCAAGCGCGCAGCTGTTGGGATGCTGATGCATGCCCTTAGCATGAAGTCAGACAAGAGAACCCGCTGAATTT
sq97,Symbiodinium, Clade C,NA,CCCCCCTTTCCTCCTTCCCTTTCTTTTCCCTCTTTTTATTTCCTGAGAGTATGTCTGCTTCAGTGCTTAACTTGCCCCAACTTTGCAAGCAGGATGTGTTTCTGCCTTGCGTTCTTATGAGCTATTGCCCTCTGAGCCAATGGCTTGTTAATTGCTTGGTTCTTGCAAAATGCTTTGCGCGCTGTTATTCAGGTTTCTACCTTCGTGGTTTTACTTGAGTGACGCTGCTCATGCTTGCAACCGCTGGGATGCAGGTGCATGCCTCTAGCATGAAGTCAGACAAGTGAACCCGCTGAATTT
sq98,Symbiodinium, Clade D,NA,AACCAATGGCCCCCTGAACGCGCATTGCACTCTTGGGACTTCCTGAGAGTATGTTTGCTTCAGTGCTTATTTTACCTCCTTGCAAGGTTCTGTCGCAACCTTGTGCCCTGGCCAGCCATGGGTTAACTTGCCCATGGCTTGCTGAGTAGTGATCTTTTAGAGCAAGCTCTGGCACGCTGTTGTTTGAGGCAGCCTATGTTGAGGCTATTTCAAATGACCTTGCTACAAGCTTGATGTGTCCTTCTGCGCTGTTGCGCATCCCATAGCATGAAGTCAAACAAGAGAACCCGCTGAATTT
sq99,Symbiodinium, Clade B,NA,AACCGATGGCCTCCTGAACGCGCATTGCGCTCTCGGGATTTCCTGAGAGCAGGTCTGCTTCAGTGCTTAGCATTATCTACCTGTGCTTGCAAGCAGCATGTATGTCTGCACTGCTGCTTCGCTTTCCAACAAGTCATCGATCGCTTTTGTGTTCGTAAATGGATTGTTTGCTGCCTGGCCCATGCGCCAAGCTTGAGCGTACTGTTGTTCCAAGCTTTGCTTGCATCGTGCAGCTCAAGCGCGCAGCTGTCGGGATGCTGATGCATGCCCTTAGCATGAAGTCAGACAAGAGAACCCGCTGAATTT
sq101,Symbiodinium, Clade C,NA,CCCCCCTTTCCTCCTTCCCTTTCTTTTCCCTCTTGGGATTTCCTGAGAGTATGTCTGCTTCAGTGCTTAACTTGCCCCAACTTTGCAAGCAGGATGTGTTTCTGCCTTGCGTTCTTATGAGCTATTGCCCTCTGAGCCAATGGCTTGTTAATTGCTTGGTTCTTGCAAAATGCTTTGCGCGCTGTTATTCAGGTTTCTACCTTCGTGGTTTTACTTGAGTGACGCTGCTCATGCTTGCAACCGCTGGGATGCAGGTGCATGCCTCTAGCATGAAGTCAGACAAGTGAACCCGCTGAATTT
sq103,NA,NA,NA,AATCATCGAATCTTTGAACGCATATTGCGGTCGAGGCTTCGGCCAAGACCACGTCTGCCTCAGCGTCGGGATACACACTCAACCCCCCGGGCTTGTCGCCCGTGGGGGCTGGAGCTGACCCCCCCGGTGGCATCGCGTCCACCGGGCCGGTTGAAGATCAGAGGCTCCCGCACGGACCCAGTACGGCCGCGGTTAGGTAGGTAGCTCGCTACTGCTAGCCGGAGGCCGGGCCGCGCGCCGGCAGCCCGCAGGTATACACTTCCTACATCGACCTGAGTTCAGGCGAGGCTACCCGCTGAACTT